,city,lat,temp,cloudiness,humidity,pressure,wind
0,chokurdakh,70.62,-24.43,64,77,1025.43,7.1
1,bethel,60.79,0.0,1,85,1023.0,7.2
2,chicama,-7.84,25.0,40,78,1009.0,5.1
3,lasa,34.92,10.0,20,81,1019.0,4.1
4,launceston,-41.43,17.0,75,93,1000.0,7.7
5,tessalit,20.2,10.68,0,22,972.58,3.75
6,butaritari,3.07,29.0,92,100,1020.97,9.25
7,atuona,-9.8,27.25,36,100,1022.92,5.85
8,puerto ayora,-0.74,28.0,20,74,1008.0,5.7
9,mataura,-46.19,27.85,20,31,999.49,4.45
10,dicabisagan,17.08,22.93,100,100,1008.33,2.95
11,pisco,-13.71,25.0,75,94,1008.0,8.7
12,natori,38.17,0.0,75,92,1027.0,2.0
13,carnarvon,-30.97,14.73,0,95,873.85,3.55
14,cape town,-33.93,19.0,20,77,1012.0,8.2
15,valparaiso,41.47,-1.7,1,94,1023.0,3.6
16,port alfred,-33.59,20.8,100,100,1017.16,3.2
17,ngaoundere,7.32,15.9,0,50,892.98,2.5
18,kutum,14.2,12.35,8,34,900.43,4.35
19,katsuura,33.93,2.0,90,93,1025.0,2.1
20,bluff,-23.58,30.9,0,56,997.71,4.2
21,hilo,19.71,23.3,90,48,1004.0,6.7
22,torbay,47.66,-9.0,75,66,989.0,22.1
23,kapaa,22.08,21.7,75,58,1005.0,8.7
24,mahebourg,-20.41,25.0,40,78,1012.0,2.8
25,belyy yar,53.6,-32.0,20,74,1032.0,0.65
26,kununurra,-15.77,26.0,75,83,1013.0,0.5
27,tasiilaq,65.61,-7.0,0,41,1008.0,6.2
28,sao filipe,14.9,22.85,68,91,1015.3,4.1
29,rikitea,-23.12,22.25,92,100,1025.92,5.55
30,skibbereen,51.55,6.0,75,81,1016.0,9.3
31,hermanus,-34.42,16.0,64,97,988.47,2.25
32,tezu,27.93,6.5,0,73,886.33,1.05
33,shingu,33.72,6.0,75,81,1023.0,3.6
34,provideniya,64.42,-5.0,90,73,1011.0,9.0
35,punta arenas,-53.16,9.0,20,45,1014.0,5.1
36,okha,53.59,-21.9,56,93,1029.73,5.65
37,barrow,-38.31,18.35,0,59,1007.92,6.35
38,popondetta,-8.77,22.1,100,91,941.21,0.7
39,castro,-42.48,12.0,20,58,1016.0,6.2
40,neryungri,56.66,-26.35,32,62,916.65,5.85
41,plastun,44.76,-14.9,0,49,982.22,1.8
42,langfang,39.51,-9.0,0,47,1033.0,4.0
43,georgetown,6.8,26.0,75,83,1012.0,5.1
44,bathsheba,13.22,26.0,40,69,1015.0,8.2
45,arraial do cabo,-22.97,26.45,0,83,1025.83,9.55
46,vaini,15.34,18.0,0,68,1018.0,1.5
47,ushuaia,-54.81,6.0,40,89,1012.0,11.3
48,karmala,18.41,12.48,8,77,961.23,1.45
49,wadena,51.95,-26.65,32,67,970.96,3.85
50,padang,-0.92,24.0,40,94,1012.0,1.5
51,east london,-33.02,21.45,92,100,1021.13,1.5
52,norman wells,65.28,-15.0,75,84,1020.0,1.0
53,sao felix do xingu,-6.64,25.15,56,94,991.22,0.35
54,sheoganj,25.14,7.08,24,60,989.6,1.3
55,avarua,-21.21,29.0,80,74,1012.0,7.7
56,jumla,29.28,-6.83,80,86,682.46,0.8
57,kawalu,-7.38,20.2,92,98,930.35,0.9
58,yellowknife,62.45,-14.0,75,77,1019.0,3.6
59,mattru,7.62,26.15,0,86,1017.57,2.95
60,ivanovka,42.89,-3.0,44,86,1016.0,1.0
61,dingli,35.86,13.0,0,87,1022.0,5.7
62,beringovskiy,63.05,-11.45,56,100,1016.84,1.85
63,oxbow,49.23,-23.0,20,76,1022.0,5.7
64,kaitangata,-46.28,24.83,12,40,998.44,2.45
65,bambous virieux,-20.34,25.0,40,78,1012.0,2.8
66,nouadhibou,20.93,23.0,32,25,1015.0,3.6
67,marzuq,14.4,5.35,12,91,863.31,1.15
68,grindavik,63.84,-2.0,40,86,1008.0,3.1
69,san patricio,-26.98,28.55,8,66,1007.84,2.1
70,zhigansk,66.77,-28.9,48,59,1029.24,2.1
71,busselton,-33.64,17.68,64,100,1028.19,4.3
72,cidreira,-30.17,22.33,88,96,1011.65,4.35
73,saint-pierre,48.95,4.0,20,93,1013.0,6.2
74,khatanga,71.98,-24.2,56,76,1029.08,5.55
75,ambulu,-8.35,25.33,80,100,1017.08,0.6
76,qaanaaq,77.48,-23.3,0,85,996.57,2.75
77,beyneu,45.32,-8.7,88,73,1036.21,2.95
78,oussouye,12.49,24.0,0,83,1011.0,1.0
79,shimoda,34.7,6.0,75,87,1026.0,8.2
80,victoria,5.28,28.0,75,78,1014.0,1.5
81,airai,-8.93,23.93,36,87,950.04,0.9
82,ribeira grande,38.52,17.15,100,97,1024.54,11.05
83,cayenne,4.94,27.0,90,74,1012.0,4.1
84,jamestown,-33.21,19.58,0,83,963.5,2.6
85,souillac,45.6,6.0,90,81,1023.0,2.1
86,santa isabel do rio negro,-0.41,26.68,20,90,1015.13,0.6
87,dikson,73.51,-22.2,68,96,1028.43,7.75
88,vardo,39.62,3.0,90,60,1030.0,3.6
89,grand gaube,-20.01,25.0,40,78,1012.0,4.65
90,maharajganj,26.11,10.85,64,82,1025.43,1.6
91,alofi,-19.06,30.0,92,74,1007.0,6.2
92,la oroya,-11.52,5.2,68,96,611.78,1.35
93,lisakovsk,52.55,-17.85,48,65,1012.54,1.45
94,shizuishan,39.02,-22.1,0,52,852.77,0.65
95,livingston,32.58,16.7,90,73,1024.0,1.65
96,shenjiamen,29.96,7.1,92,100,1045.94,8.8
97,oranjestad,12.52,26.0,40,78,1013.0,8.2
98,gorom-gorom,14.45,18.33,0,26,995.19,5.55
99,bolgar,54.97,-14.0,90,84,1024.0,3.0
100,bredasdorp,-34.53,21.0,20,88,1014.0,2.6
101,leningradskiy,69.38,-26.8,80,96,1025.59,10.05
102,altay,47.83,-25.33,20,50,818.56,0.7
103,sorong,-0.86,27.2,76,100,1025.27,5.65
104,ouallam,14.32,18.75,0,23,997.54,5.9
105,kumo,10.05,18.68,0,34,988.06,3.3
106,wylie,33.02,7.0,90,96,1020.0,2.6
107,buin,-33.73,24.0,75,33,1013.0,3.1
108,canala,-21.52,32.0,0,38,1002.0,1.5
109,tuktoyaktuk,69.44,-14.0,75,77,1016.0,6.7
110,abha,18.22,14.0,0,67,1022.0,3.6
111,presidencia roque saenz pena,-26.79,28.23,48,80,1005.41,2.1
112,joshimath,30.57,-14.58,76,97,599.86,0.3
113,severo-kurilsk,50.68,-6.3,48,100,1009.06,4.9
114,saldanha,41.42,1.35,0,87,963.74,1.95
115,jieshou,33.26,-5.8,76,76,1043.02,2.35
116,waipawa,-39.94,22.1,24,63,988.95,2.85
117,san carlos de bariloche,-41.13,9.0,40,39,1012.0,4.1
118,kruisfontein,-34.0,18.6,92,95,1017.49,2.4
119,rio grande,-32.03,22.1,88,100,1017.81,4.0
120,bayangol,48.91,-35.9,0,52,928.56,1.3
121,lompoc,34.64,12.2,20,58,1018.0,6.7
122,hobart,-42.88,25.0,20,44,995.0,6.2
123,vila franca do campo,37.72,17.0,20,88,1020.0,6.2
124,port elizabeth,39.31,1.7,90,49,1032.0,1.25
125,college,64.86,-5.6,1,70,1016.0,1.55
126,dormidontovka,47.77,-24.28,0,58,1030.13,3.55
127,treinta y tres,-33.23,24.8,44,82,998.92,3.65
128,goderich,43.74,-6.33,88,85,1011.41,2.1
129,ajaigarh,24.9,8.35,0,78,1013.51,1.3
130,albany,42.65,-2.8,90,52,1031.0,2.1
131,ponta delgada,37.73,17.0,20,88,1020.0,6.2
132,chara,39.42,4.0,20,100,1017.0,1.85
133,kulhudhuffushi,6.62,27.83,24,100,1025.27,4.7
134,saskylakh,71.97,-24.9,56,60,1018.05,6.35
135,chapais,49.78,-19.0,90,70,1024.0,4.1
136,klaksvik,62.23,0.0,48,100,1014.0,7.2
137,itarema,-2.92,26.68,44,85,1019.59,4.65
138,ancud,-41.87,12.0,0,58,1016.0,6.2
139,los llanos de aridane,28.66,17.0,0,55,1022.0,4.6
140,labuhan,-2.54,24.6,56,91,1002.0,0.85
141,port hedland,-20.31,31.0,0,74,1011.0,4.6
142,cherskiy,68.75,-31.05,32,71,1025.19,2.75
143,santa clarita,34.39,14.4,75,87,1016.0,4.0
144,esperance,10.24,26.0,40,74,1013.0,3.1
145,kodiak,39.95,1.1,90,100,1019.0,2.1
146,thinadhoo,0.53,28.35,92,100,1024.13,4.75
147,makinsk,52.63,-16.28,88,83,986.93,3.0
148,vostok,46.45,-21.95,0,59,968.85,0.95
149,san pablo,14.07,27.0,20,69,1019.0,4.1
150,yenagoa,4.92,21.3,8,73,1005.65,1.3
151,xai-xai,-25.04,25.3,68,94,1020.89,6.9
152,new norfolk,-42.78,25.0,20,44,995.0,6.2
153,komsomolskiy,67.55,-11.78,88,77,999.08,5.65
154,amapa,15.09,26.0,20,69,1014.0,6.2
155,moron,10.49,20.9,0,76,952.31,2.25
156,leshukonskoye,64.9,-1.4,88,79,1007.19,4.2
157,jalalabad,34.43,-0.33,88,90,837.45,1.2
158,cabo san lucas,22.89,26.0,20,68,1015.0,6.2
159,kroya,-6.5,24.15,76,97,1002.49,1.4
160,taoudenni,22.68,10.95,8,27,1000.62,2.8
161,basoko,1.23,24.08,92,90,972.09,1.3
162,babu,23.23,12.15,76,90,886.01,1.15
163,ornskoldsvik,63.29,-2.0,8,92,988.0,3.1
164,comodoro rivadavia,-45.87,16.0,40,51,1012.0,3.6
165,nikolskoye,59.7,2.0,90,94,1001.0,4.0
166,longkou,37.64,-5.15,0,100,1042.61,4.15
167,arlit,18.74,11.18,0,42,978.33,2.5
168,oktyabrskiy,55.61,-4.0,90,92,1014.0,2.0
169,vuktyl,63.86,-3.55,80,88,999.25,3.45
170,matara,-13.74,7.95,56,97,669.9,0.45
171,clarence town,-32.59,26.0,0,54,1006.0,3.6
172,paratinga,-12.69,24.95,36,73,964.47,1.95
173,tikhvin,59.64,1.18,80,92,1005.0,3.6
174,isangel,-19.55,26.95,0,100,1014.57,5.9
175,dzaoudzi,-12.79,26.0,0,88,1011.0,2.1
176,namibe,-15.19,24.1,48,100,1020.0,3.0
177,frankenberg,49.04,3.0,75,86,1007.0,3.1
178,alice springs,-23.7,30.0,0,17,1014.0,2.6
179,kunashak,55.7,-14.0,32,84,1022.0,4.0
180,thompson,55.74,-20.0,5,70,1028.0,1.5
181,savannah bight,16.45,23.05,36,100,1028.19,0.85
182,arman,59.7,-23.25,32,50,978.17,1.35
183,kharitonovo,61.4,-6.0,68,87,1009.38,4.65
184,mar del plata,-46.43,14.15,68,55,1003.87,8.4
185,omboue,-1.57,27.05,88,100,1022.92,0.95
186,bol,13.47,19.2,0,24,993.9,6.6
187,port hardy,50.7,1.0,20,47,1004.0,4.1
188,gillette,44.29,-10.6,1,76,1004.0,15.4
189,novoagansk,61.94,-21.33,80,74,1028.83,1.4
190,lovozero,68.01,-11.0,92,64,963.5,1.35
191,road town,18.42,25.0,40,78,1018.0,5.1
192,lebu,8.96,15.0,20,54,1025.0,3.1
193,hithadhoo,-0.6,28.95,92,100,1023.81,3.25
194,roald,62.58,3.0,88,55,999.0,7.2
195,codrington,-28.95,29.0,75,48,1008.0,2.1
196,harbour breton,47.48,-6.35,48,100,1010.11,18.25
197,guerrero negro,27.97,16.4,0,62,1018.46,6.25
198,soyo,-6.13,26.23,36,89,1016.59,1.2
199,bandundu,-3.32,23.1,56,98,984.9,2.85
200,cabrobo,-8.51,29.98,88,44,979.23,4.65
201,saltabarranca,18.59,21.6,0,91,1015.3,2.2
202,kahului,20.89,22.2,75,73,1003.0,8.2
203,hengshui,37.73,-9.75,0,80,1042.53,1.95
204,geraldton,49.72,-20.0,20,70,1029.0,1.5
205,jizan,16.89,25.0,20,69,1012.0,0.75
206,chuy,-33.69,25.9,36,79,1016.03,3.75
207,viedma,-40.81,16.75,80,49,1018.46,6.9
208,bang bo,13.57,28.0,20,88,1015.0,2.1
209,gulmarg,34.05,-5.53,68,95,798.95,0.45
210,farafangana,-22.82,25.55,76,99,1026.08,3.0
211,ponta do sol,-20.63,20.98,32,91,926.54,1.15
212,venray,51.53,5.0,75,93,1006.0,4.1
213,thai binh,20.45,22.0,75,88,1021.0,3.1
214,eureka,40.8,7.8,90,100,1019.0,2.1
215,lazaro cardenas,28.39,18.0,40,34,1016.0,10.8
216,ixtapa,20.71,27.0,5,78,1012.0,5.7
217,biltine,14.53,19.15,0,23,956.37,6.9
218,tura,25.52,8.33,8,77,1021.13,1.7
219,ilulissat,69.22,-14.0,20,50,1000.0,3.1
220,turangi,-39.0,22.3,0,66,935.78,1.6
221,faisalabad,31.42,8.7,0,87,1013.27,1.25
222,velikovechnoye,44.94,3.0,75,93,1021.0,1.0
223,avera,33.19,9.4,90,59,1029.0,3.6
224,elko,40.83,-3.9,1,59,1007.0,4.1
225,bonthe,7.53,26.45,12,93,1022.35,2.25
226,xam nua,20.42,15.25,92,100,906.35,0.95
227,san rafael,-34.61,26.3,0,15,916.4,9.0
228,stratford,43.37,-5.0,90,67,1027.0,4.6
229,itamaraju,-17.04,25.65,0,71,1011.73,4.55
230,trinidad,-33.52,26.05,32,74,1002.73,3.15
231,inirida,3.87,26.55,0,81,1002.73,0.9
232,amargosa,-13.03,22.65,24,84,981.74,3.9
233,sungaipenuh,-2.08,19.25,76,97,906.11,0.15
234,pen,18.74,22.0,0,43,1013.0,1.2
235,ostrovnoy,68.05,-2.28,0,88,977.93,7.15
236,narsaq,60.91,1.0,0,50,980.0,19.0
237,harper,30.3,13.9,90,91,1018.0,2.05
238,pochutla,15.74,29.0,75,58,1012.0,3.6
239,longyearbyen,78.22,-10.0,40,66,1000.0,5.1
240,hami,42.84,-6.55,88,81,951.83,0.85
241,oksfjord,70.24,-5.0,75,73,984.0,6.2
242,vanimo,-2.67,25.45,80,100,1027.7,6.45
243,lagoa,37.14,12.0,0,93,1028.0,3.6
244,upernavik,72.79,-15.83,0,100,1018.46,8.4
245,mount isa,-20.73,32.0,0,19,1012.0,5.1
246,kyshtovka,56.56,-24.85,56,60,1024.29,1.45
247,chone,-0.7,23.58,92,97,1000.87,1.6
248,vagur,61.47,4.05,0,100,1025.27,8.7
249,noumea,-22.28,32.0,0,38,1002.0,1.5
250,gamba,28.28,-28.6,12,31,559.33,1.0
251,hasaki,35.73,0.0,75,100,1028.0,3.6
252,keflavik,64.0,-2.0,40,86,1008.0,3.1
253,rabaul,-4.2,26.23,68,100,1010.51,4.4
254,rio gallegos,-51.62,10.0,20,39,1013.0,7.7
255,san cristobal,-0.39,15.0,75,87,1023.0,3.1
256,port macquarie,-31.43,28.0,0,48,1006.0,3.6
257,lexington,38.05,4.0,90,93,1025.0,1.5
258,lakatoro,-16.11,28.5,80,94,1005.57,3.45
259,saint george,39.45,4.0,20,100,1017.0,1.85
260,san isidro,16.74,21.15,44,90,1015.78,0.85
261,bitung,1.44,30.0,20,70,1016.0,2.6
262,tuatapere,-46.13,22.68,32,56,989.36,3.3
263,hebi,35.75,-13.25,8,65,992.84,1.1
264,anadyr,64.73,-22.0,0,69,1012.0,3.0
265,salekhard,66.54,-20.58,48,68,1019.35,3.85
266,caravelas,-17.73,28.33,0,100,1029.0,7.7
267,marshfield,42.09,0.6,1,39,1029.0,3.6
268,moerai,-22.43,26.43,64,100,1026.32,10.6
269,saint-philippe,45.36,-7.0,1,69,1030.0,4.45
270,north bend,43.41,5.6,90,82,1016.0,5.1
271,leicester,52.64,4.0,20,95,1008.0,3.1
272,emba,34.81,10.0,20,81,1019.0,4.1
273,sabang,13.72,25.45,36,87,1023.24,6.0
274,benbrook,32.67,7.0,90,100,1021.0,1.5
275,iqaluit,63.75,-22.0,20,63,1012.0,6.7
276,aguimes,27.91,19.0,0,22,1022.0,2.6
277,port lincoln,-34.72,19.68,92,91,1015.95,7.35
278,mayo,63.59,-19.0,75,77,1022.0,1.5
279,tambacounda,13.77,26.0,48,27,1011.0,2.1
280,talaya,55.79,-23.0,0,69,1025.0,1.0
281,humaita,-24.93,25.0,0,69,1009.0,2.6
282,almeirim,39.21,11.0,0,87,1028.0,2.1
283,mocorito,25.48,24.73,100,49,1020.08,2.7
284,verkhnevilyuysk,63.45,-22.58,68,65,1022.11,3.3
285,at-bashi,41.17,-21.8,12,57,765.31,1.15
286,broome,52.47,3.0,0,86,1008.0,5.1
287,buraydah,26.33,10.0,75,100,1015.0,2.1
288,hambantota,6.12,24.0,5,100,1012.0,3.1
289,egvekinot,66.32,-11.3,56,84,963.34,1.55
290,nouakchott,18.08,22.0,12,10,1013.0,3.6
291,aswan,24.09,8.15,0,87,1007.03,1.85
292,burgos,42.34,4.0,56,80,1025.0,6.2
293,smithers,54.78,-11.0,90,72,1012.0,1.0
294,san quintin,17.54,21.3,0,77,992.28,1.75
295,luderitz,-26.65,18.68,0,73,1008.08,9.25
296,cascais,38.7,11.0,0,87,1028.0,2.1
297,mulege,26.88,19.85,8,47,985.14,1.65
298,tanout,14.97,14.7,0,32,974.04,4.9
299,merritt island,28.54,21.7,75,88,1024.0,3.6
300,fukue,35.03,5.0,75,44,1025.0,4.6
301,talnakh,69.49,-21.08,68,71,1014.24,6.6
302,saint-joseph,43.56,12.0,0,43,1011.0,4.1
303,bagan,54.1,-22.03,76,63,1026.32,1.45
304,sola,58.89,4.0,0,100,995.0,6.7
305,dingle,11.0,25.18,48,73,1010.6,7.05
306,buchanan,5.88,26.0,75,94,1011.0,2.75
307,orocue,4.79,33.68,56,31,1003.79,5.15
308,kalmunai,7.42,23.95,92,96,1011.41,2.55
309,sangin,32.07,7.23,92,78,919.16,2.85
310,muyezerskiy,63.93,1.7,92,89,982.22,4.8
311,hamilton,32.3,15.0,75,58,1031.0,4.1
312,burns lake,54.23,-11.45,64,63,911.46,3.0
313,tazmalt,36.39,10.0,0,93,1023.0,5.7
314,chon daen,16.19,18.0,20,82,1016.0,1.5
315,ha noi,21.02,23.0,75,83,1021.0,4.6
316,atar,20.52,20.73,0,17,1000.06,4.1
317,maragogi,-9.01,25.8,92,91,1018.46,3.9
318,tuy hoa,13.08,22.6,44,100,1017.32,2.65
319,kokopo,-4.34,26.23,68,100,1010.51,4.4
320,kaniama,-7.57,19.4,76,99,920.7,1.05
321,copalillo,18.03,26.65,0,24,895.49,0.8
322,bucerias,20.76,27.0,5,78,1012.0,5.7
323,majene,-3.54,28.08,24,97,1025.02,3.45
324,banepa,27.63,7.0,75,93,1022.0,1.5
325,muriti,-1.99,22.8,80,100,897.52,1.5
326,esmeraldas,-19.76,26.0,0,61,1017.0,3.1
327,helmsdale,58.12,5.0,75,86,1009.0,5.7
328,okhotsk,59.36,-24.68,20,100,1023.0,3.25
329,baikunthpur,23.26,4.5,0,84,967.39,1.4
330,havoysund,71.0,-5.0,88,79,982.0,6.2
331,rauma,61.13,2.0,64,90,991.0,4.1
332,husavik,50.56,-25.4,32,63,1014.41,2.65
333,saint-francois,46.42,5.0,75,80,1017.0,4.1
334,mori,34.86,5.0,75,65,1024.0,2.1
335,grabovo,53.37,-9.4,80,92,1011.08,3.6
336,haibara,34.53,5.0,75,55,1025.0,0.5
337,aklavik,68.22,-9.0,40,56,1016.0,5.1
338,makat,47.65,-13.9,56,80,1044.07,3.45
339,santa marta,11.24,30.0,20,51,1007.0,6.2
340,westport,53.8,7.5,68,92,1019.35,5.05
341,karla,59.37,2.0,75,93,996.0,3.1
342,caceres,5.53,21.83,68,86,910.89,0.75
343,tiksi,71.64,-25.28,56,62,1009.22,7.8
344,tabou,4.42,28.0,0,99,1023.16,3.9
345,goma,-1.67,14.68,32,100,817.43,0.15
346,palmer,61.6,-0.6,90,63,1017.0,5.1
347,touros,-5.2,26.85,64,87,1021.78,5.8
348,lermontovka,47.15,-23.43,0,53,1026.08,1.95
349,pecos,31.42,8.0,90,55,1015.0,1.3
350,dudinka,69.41,-21.78,68,77,1027.94,6.55
351,bemidji,47.48,-12.8,90,84,1024.0,2.6
352,ugoofaaru,5.67,27.68,0,100,1025.02,5.1
353,nanortalik,60.14,0.2,92,90,974.52,13.0
354,pangnirtung,66.15,-25.45,8,42,1002.65,2.3
355,praya,-8.71,28.0,40,78,1014.0,1.5
356,constitucion,23.99,22.0,75,19,1021.0,6.2
357,oranjemund,-28.55,17.7,92,95,1025.43,8.7
358,chernyshevskiy,63.01,-24.6,36,77,1003.62,3.4
359,ayan,40.67,-8.18,24,73,882.84,0.8
360,krasnoslobodsk,54.42,-8.2,88,89,1015.05,4.6
361,batasan,14.89,27.0,40,73,1021.0,3.1
362,itoman,26.12,19.0,90,88,1026.0,4.1
363,koutiala,12.39,18.4,0,31,990.82,4.0
364,fortuna,38.18,14.0,0,58,1023.0,3.1
365,wanaka,-44.7,22.95,8,30,926.13,1.15
366,hofn,64.25,-4.18,56,100,1015.54,1.6
367,kenitra,34.26,8.0,20,93,1027.0,1.5
368,vila velha,-3.71,28.0,75,83,1012.0,6.2
369,champerico,16.38,23.0,5,69,1014.0,7.7
370,nishihara,35.74,2.0,75,47,1027.0,2.6
371,isla mujeres,21.23,26.0,75,74,1018.0,4.6
372,hobyo,5.35,24.7,44,88,1016.03,5.4
373,storsteinnes,69.24,-4.0,88,85,984.0,4.1
374,viet tri,21.3,23.0,75,83,1021.0,4.6
375,horodkivka,49.91,-2.75,68,89,995.68,6.5
376,dabakala,8.36,19.65,0,55,994.87,1.2
377,kavieng,-2.57,28.3,36,100,1023.65,5.85
378,saint anthony,43.97,-5.0,90,80,1003.0,5.7
379,hlukhiv,51.68,-3.43,88,92,1008.08,4.45
380,cadillac,44.25,-6.1,90,82,1024.0,4.6
381,sao miguel do araguaia,-13.28,24.83,32,92,990.09,3.2
382,itaituba,-4.26,24.65,8,96,1012.62,1.15
383,kresttsy,58.25,1.58,88,94,1010.51,5.85
384,ryotsu,38.08,0.0,75,100,1026.0,3.6
385,aripuana,-9.17,26.15,36,90,1006.79,0.9
386,clyde river,70.47,-30.0,1,74,1018.0,2.6
387,hualmay,-11.1,23.6,32,67,984.66,2.3
388,urucara,-2.54,24.15,68,96,1015.78,1.3
389,jackson,35.61,10.0,90,96,1024.0,1.5
390,kangaatsiaq,68.31,-10.9,0,100,1013.43,6.8
391,kerouane,12.23,18.9,56,50,971.36,1.4
392,bushehr,28.97,16.0,90,82,1014.0,4.1
393,kvitok,56.08,-27.05,0,72,1002.89,3.1
394,mount gambier,-37.83,18.0,90,88,1003.0,6.7
395,yar-sale,66.83,-18.78,68,83,1026.4,6.9
396,mazamari,-11.33,19.83,68,96,898.65,0.7
397,batagay-alyta,67.8,-36.18,56,54,934.97,1.2
398,atbasar,51.81,-17.9,68,75,1000.46,2.55
399,jijiga,9.35,10.0,0,79,836.8,1.95
400,sao jose do belmonte,-7.86,29.75,64,39,966.17,3.8
401,tiznit,29.7,13.25,0,71,1018.86,1.75
402,bose,45.46,2.0,90,100,1008.0,0.5
403,jacqueville,5.21,28.0,0,88,1010.0,1.5
404,obihiro,42.92,-14.0,20,55,1023.0,0.5
405,borodino,55.9,-40.7,8,0,1002.98,1.65
406,pampa,35.54,8.9,90,64,1013.0,5.7
407,indramayu,-4.05,21.68,92,98,959.2,1.25
408,villa rica,-10.74,21.55,56,96,931.97,0.8
409,athabasca,54.72,-23.18,48,64,953.12,2.05
410,wukari,7.87,25.7,0,25,1005.41,5.65
411,san vicente,13.64,29.0,40,62,1009.0,3.1
412,adre,13.47,18.4,44,27,933.83,7.15
413,nara,34.68,5.0,75,55,1025.0,0.5
414,rome,41.89,13.0,0,87,1013.0,5.7
415,aitape,-3.15,24.3,92,100,1019.35,3.45
416,iquitos,-3.75,26.0,0,88,1007.0,0.5
417,haikou,20.04,21.0,0,100,1022.0,1.0
418,araouane,18.9,16.9,8,24,997.3,4.45
419,camacupa,-12.02,17.58,92,98,868.74,2.0
420,evensk,61.92,-19.78,20,100,1018.3,5.45
421,la palma,5.36,21.83,68,86,910.89,0.75
422,bilibino,68.06,-32.53,20,39,974.04,1.4
423,fare,-16.7,26.0,24,100,1023.0,1.5
424,koslan,63.46,-3.58,88,79,1001.35,3.65
425,candelaria,3.41,25.0,40,69,1011.0,4.1
426,antalaha,-14.9,24.6,88,97,1012.54,3.45
427,fernie,49.5,-16.0,90,71,1006.0,2.1
428,karratha,-20.74,28.35,0,61,1010.76,2.1
429,srednekolymsk,67.46,-31.68,32,38,1023.81,1.5
430,katobu,-4.94,26.58,56,100,1024.54,1.35
431,waingapu,-9.65,24.48,56,100,991.47,1.85
432,uribia,11.71,26.43,0,57,1018.3,8.7
433,novikovo,45.05,-0.83,88,100,1002.08,1.1
434,asosa,10.07,18.93,0,54,894.11,3.0
435,borzya,50.39,-35.6,0,52,951.18,1.35
436,huadian,42.97,-22.7,0,64,991.87,1.15
437,flinders,-34.58,25.0,0,44,1005.0,4.1
438,sitka,37.17,8.68,48,60,951.99,2.55
439,nemuro,43.32,-10.0,20,72,1023.0,4.1
440,aykhal,65.95,-23.18,44,65,966.9,3.1
441,nome,30.04,19.2,90,79,1020.0,2.6
442,poum,41.28,-4.2,48,84,905.38,0.85
443,namatanai,-3.66,26.9,80,100,1018.62,4.2
444,black river,18.03,26.0,20,69,1015.0,4.1
445,inzer,54.22,-14.05,56,83,967.8,0.1
446,teahupoo,-17.83,31.0,40,62,1009.0,5.1
447,miles city,46.41,-13.9,1,65,1013.0,2.6
448,yarim,14.3,3.55,0,77,781.11,0.7
449,pahrump,36.21,10.0,90,43,1004.0,12.9
450,nargana,9.44,26.85,0,98,1018.94,7.3
451,stromness,42.87,-3.9,90,67,1028.0,4.1
452,ahipara,-35.17,24.58,0,61,1007.03,3.6
453,nizwa,22.93,7.23,0,80,961.23,1.15
454,hauterive,46.09,5.0,75,100,1018.0,1.5
455,luena,-11.78,18.45,92,98,877.33,2.55
456,voi,-3.4,19.68,0,86,931.72,1.5
457,nueve de julio,-31.67,26.9,0,36,929.54,1.75
458,palauig,15.44,24.08,0,90,1002.98,1.85
459,guntakal,15.16,19.1,0,95,981.82,2.35
460,ilebo,-4.33,23.1,56,96,979.23,0.95
461,pizarro,4.95,25.73,12,91,1020.24,1.8
462,camocim,-2.9,26.5,64,85,1016.84,4.25
463,gobabis,-22.45,18.6,56,91,860.8,2.9
464,ust-kuyga,70.0,-29.43,56,60,1000.71,2.1
465,vestmannaeyjar,63.44,0.73,88,100,1015.95,6.15
466,ryde,50.73,4.0,44,86,1011.0,3.6
467,big spring,32.25,11.0,40,72,1016.0,5.7
468,varna,43.22,0.0,12,87,1016.0,1.0
469,bowen,-20.01,30.0,75,70,1007.0,2.1
470,slyudyanka,51.66,-35.33,0,49,926.62,0.75
471,sur,22.57,19.18,0,100,997.79,4.1
472,alugan,12.22,24.75,92,98,1022.35,7.4
473,zhob,31.34,-6.0,12,69,841.99,1.05
474,zhezkazgan,47.8,-25.2,0,60,987.09,1.6
475,alta floresta,-9.87,26.4,32,84,996.41,1.3
476,dauriya,49.93,-34.9,0,48,949.31,1.6
477,northam,51.04,7.0,20,81,1010.0,9.8
478,lashio,22.93,10.83,20,94,936.02,0.95
479,haines junction,60.75,-18.5,0,81,901.81,1.0
480,coihaique,-45.58,12.0,0,46,1014.0,1.0
481,labuan,5.28,28.0,75,78,1014.0,1.5
482,caborca,30.58,14.65,8,35,921.35,3.6
483,piacabucu,-10.41,25.33,92,90,1017.32,4.35
484,juntas,-1.92,18.05,100,100,884.06,1.2
485,sisimiut,66.94,-27.3,0,72,972.9,0.6
486,baryatino,54.31,-2.83,80,94,1000.95,3.4
487,blackwater,51.33,5.0,0,80,1010.0,6.7
488,doka,13.52,22.15,0,23,957.91,6.8
489,faanui,-16.48,25.5,92,100,1024.29,1.65
490,becerril,9.7,23.9,0,52,935.78,1.2
491,pombia,45.65,5.0,0,100,1008.0,0.5
492,north myrtle beach,33.83,11.8,90,71,1029.0,4.4
493,mahina,13.76,22.65,32,29,1004.27,4.0
494,zaozerne,51.37,2.75,76,79,996.33,7.7
495,puerto quijarro,-19.0,30.35,12,66,997.71,1.85
496,mindelo,41.31,6.0,0,93,1028.0,5.35
497,zelenogorskiy,55.03,-25.0,20,69,1025.0,3.0
498,mahibadhoo,3.78,27.73,88,100,1024.54,5.15
499,tagusao,9.19,24.9,48,100,1014.0,3.8
500,zemio,5.02,22.1,32,61,953.37,2.8
501,kuytun,54.34,-36.95,0,0,983.6,2.4
502,kvarkeno,52.08,-21.78,0,45,996.41,1.3
503,haicheng,40.85,-17.65,12,53,1016.92,1.85
504,oskemen,49.96,-23.0,40,76,1028.0,1.0
505,manoel urbano,-8.84,26.35,36,83,999.81,1.3
506,puerto baquerizo moreno,-0.9,27.0,20,83,1005.0,1.5
507,ullapool,57.9,5.1,68,100,1015.13,6.75
508,brae,60.4,3.0,32,69,1008.0,7.7
509,kribi,2.94,25.4,44,95,1006.95,1.95
510,cabedelo,-6.97,26.0,20,88,1013.0,3.1
511,zeya,53.74,-25.58,0,61,968.2,2.05
512,axim,4.87,27.33,12,99,1021.21,1.65
513,westerland,52.89,6.0,90,81,1004.0,7.2
514,molina,-35.11,26.0,0,31,1010.0,3.6
515,byron bay,-28.65,29.0,75,65,1009.0,5.1
516,sao gabriel da cachoeira,-0.13,24.18,32,94,1009.46,1.3
517,boyolangu,-8.09,23.18,36,95,983.6,2.0
518,amahai,-3.31,27.98,36,100,1026.81,3.3
519,rawson,-43.3,15.1,24,25,1011.89,3.85
520,praia da vitoria,38.73,16.0,40,93,1017.0,11.75
521,zorritos,-3.68,32.0,90,33,1008.0,1.5
522,tanete,-3.94,26.23,32,89,1013.92,1.3
523,tapejara,-23.73,27.65,48,63,964.88,1.6
524,nichinan,31.65,10.0,75,76,1023.0,5.1
525,benemerito de las americas,16.52,23.0,68,86,1010.19,1.0
526,carpentras,44.06,8.0,0,56,1018.0,2.1
527,birao,10.3,23.05,12,31,966.26,6.6
528,alamogordo,32.9,9.0,75,70,1015.0,2.1
529,tigil,57.8,-18.8,36,70,1010.51,1.95
530,jinchang,38.52,-25.93,0,35,805.51,0.95
531,shakhtinsk,49.71,-26.0,20,83,1021.0,2.0
532,wanning,48.64,6.0,75,97,1005.0,7.7
